name,category,count,japanese_name
yuzuhara_konomi,4,885,柚原このみ
komaki_manaka,4,1059,小牧まなか
len_(tsukihime),4,1168,レン（月姫）
eureka_(eureka_seven),4,832,ユーレカ（交響詩篇エウレカセブン）
2k-tan,4,734,2kたん
me-tan,4,760,めーたん
xp-tan,4,853,XPたん
shimazu_yoshino,4,843,島津佳乃
belldandy,4,795,ベルダンディー
sakagami_tomoyo,4,851,坂上ともよ
my_melody,4,1214,マイメロディー
kasuga_ayumu,4,1125,春日歩
sion_eltnam_atlasia,4,690,シオン・エルトナム・アトラシア
white_mage_(final_fantasy),4,1383,白魔道士（ファイナルファンタジー）
kuromi,4,1162,クロミ
lunamaria_hawke,4,956,ルナマリア・ホーク
hisui_(tsukihime),4,1229,ヒスイ（月姫）
yuuno_scrya,4,666,ユーノ・スクライア
fujimura_taiga,4,701,藤村大河
lord_knight_(ragnarok_online),4,1083,ロードナイト（ラグナロクオンライン）
neco-arc,4,862,ネコアーク
minase_nayuki,4,723,水瀬名雪
kooh,4,0,くー
zaku_ii,4,885,ザクⅡ
yumizuka_satsuki,4,721,弓塚さつき
kuga_natsuki,4,887,久我なつき
kinomoto_sakura_(magic_dream_costume),4,0,木之本桜（魔法の夢の衣装）
kan'u_unchou,4,701,関羽雲長
high_wizard_(ragnarok_online),4,1300,ハイウィザード（ラグナロクオンライン）
minase_akiko,4,628,水瀬秋子
tsukimiya_ayu,4,859,月宮あゆ
tohno_shiki,4,1444,遠野式
kero_(cardcaptor_sakura),4,2126,ケロ（カードキャプターさくら）
tenjouin_asuka,4,1335,天上院明日香
haman_karn,4,717,ハマーン・カーン
kanaria,4,770,カナリア
lilith_(darkstalkers),4,2698,リリス（ヴァンパイア）
san_(mononoke_hime),4,719,さん（もののけ姫）
hello_kitty_(character),4,1431,ハローキティ（キャラクター）
saya_(saya_no_uta),4,894,サヤ（沙耶の唄）
athrun_zala,4,1035,アスラン・ザラ
koiwai_yotsuba,4,698,小岩井よつば
roto_(dq3),4,837,ロト（ドラクエ3）
flonne,4,812,フロンヌ
nao_(mabinogi),4,648,ナオ（マビノギ）
nakoruru,4,767,ナコルル
spider-man,4,1721,スパイダーマン
ibuki_fuuko,4,1065,いぶき風子
li_syaoran,4,911,李小狼
sanzen'in_nagi,4,799,三千院ナギ
iroha_(samurai_spirits),4,1129,いろは（サムライスピリッツ）
aozaki_aoko,4,1564,蒼崎青子
hatake_kakashi,4,1048,はたけカカシ
euryale_(fate),4,1122,エウリュアレ（Fate）
hsien-ko,4,1153,シェンコ
kirisame_marisa_(pc-98),4,754,霧雨魔理沙（PC-98）
lacus_clyne,4,979,ラクス・クライン
dark_sakura,4,849,濃い桜
okazaki_tomoya,4,803,岡崎智也
cagalli_yula_athha,4,1230,カガリ・ユラ・アスハ
sui-feng,4,822,スイフェン
bedivere_(fate),4,727,ベディヴィエール（Fate）
doraemon_(character),4,1009,ドラえもん（キャラクター）
alphonse_elric,4,1136,アルフォンス・エルリック
felicia_(darkstalkers),4,2098,フェリシア（ヴァンパイア）
sailor_neptune,4,650,セーラーネプチューン
sailor_uranus,4,697,セーラーウラヌス
nicholas_d._wolfwood,4,737,ニコラス・D.ウルフウッド
dejiko,4,1014,でじこ
kirakishou,4,645,きらきら
cheshire_cat_(alice_in_wonderland),4,737,チェシャ猫（不思議の国のアリス）
fio_germi,4,741,フィオ・ジェルミ
yamanaka_ino,4,1040,山中いの
kino_(kino_no_tabi),4,1179,キノ（キノの旅）
nefertari_vivi,4,716,ネフェルタリ・ビビ
jessica_albert,4,862,ジェシカ・アルバート
venusaur,4,1077,フシギバナ
elly_(touhou),4,753,エリー（東方）
kitashirakawa_chiyuri,4,775,北白川ちゆり
okazaki_yumemi,4,1215,岡崎夢美
warrior_(dq3),4,933,戦士（ドラクエ3）
temari_(naruto),4,720,てまり（ナルト）
vincent_valentine,4,1287,ヴィンセント・バレンタイン
lily_black,4,807,リリーブラック
muto_yugi,4,1036,武藤遊戯
sakuragi_hanamichi,4,810,桜木花道
yuna_(ff10),4,1156,ユウナ（ff10）
metroid_(creature),4,912,メトロイド（生き物）
bardiche_(nanoha),4,2053,バルディッシュ（なのは）
alice_carroll,4,673,アリス・キャロル
ichinose_kotomi,4,783,一ノ瀬琴美
graf_eisen,4,623,グラーフ・アイゼン
fate_testarossa_(lightning_form),4,637,フェイト・テスタロッサ（ライトニングフォーム）
shamal,4,645,シャマル
slime_(dragon_quest),4,1647,スライム（ドラゴンクエスト）
kusugawa_sasara,4,701,久寿川ささら
megaman.exe,4,803,ロックマン.exe
iggy_(jojo),4,710,イギー（ジョジョ）
magical_ruby,4,1308,魔法のルビー
kazama_jin,4,662,風間仁
tear_grants,4,900,ティアグラント
akagi_shigeru,4,851,赤木しげる
reinforce,4,763,補強する
barret_wallace,4,730,バレット・ウォレス
puru_two,4,732,プルツー
blastoise,4,795,カメックス
schwertkreuz,4,612,シュベルトクロイツ
jasmine_(pokemon),4,792,ジャスミン（ポケモン）
kurugaya_yuiko,4,631,来ヶ谷ユイコ
luke_fon_fabre,4,849,ルーク・フォン・ファーブル
mazaki_anzu,4,667,真咲杏
higurashi_kagome,4,796,日暮かごめ
sheik,4,799,シェイク
brock_(pokemon),4,723,ブロック（ポケモン）
toad_(mario),4,781,ヒキガエル（マリオ）
tron_bonne_(mega_man),4,1075,トロンボーン（ロックマン）
asamiya_athena,4,758,麻宮アテナ
testament_(guilty_gear),4,658,遺言（ギルティギア）
videl,4,896,ビーデル
princess_of_moonbrook,4,909,ムーンブルクの王女
backbeako_(torotei),4,1842,バックビーコ（とろ亭）
miles_edgeworth,4,1047,マイルエッジワース
trunks_(future)_(dragon_ball),4,686,トランクス（未来) (ドラゴンボール）
arle_nadja,4,1299,アルル・ナジャ
priest_(dq3),4,862,祭司（ドラクエ3）
chen_(cat),4,740,チェン（猫）
amuro_ray,4,896,アムロ・レイ
terry_bogard,4,822,テリー・ボガード
sun_wukong,4,693,孫悟空
piranha_plant,4,683,ピラニア植物
kamille_bidan,4,822,カミーユ・ビダン
shampoo_(ranma_1/2),4,2310,シャンプー（らんま1/2）
kairi_(kingdom_hearts),4,977,カイリ（キングダム ハーツ）
yagami_taichi,4,869,八神太一
ampharos,4,846,アンファロス
big_bad_wolf,4,709,大きくて悪いオオカミ
zangief,4,667,ザンギエフ
haibara_ai,4,877,灰原哀
misaka_imouto,4,1082,御坂妹
amaterasu_(ookami),4,671,アマテラス（オオカミ）
guts_(berserk),4,1294,ガッツ（狂暴な）
kanzuki_karin,4,722,神月かりん
puyo_(puyopuyo),4,815,ぷよ（ぷよぷよ）
ralts,4,1214,ラルトス
sairenji_haruna,4,650,西連寺はるな
miyako_(hidamari_sketch),4,869,宮古（ひだまりスケッチ）
wolverine_(x-men),4,1984,クズリ（X-メン）
kuririn,4,835,クリリン
godzilla,4,1437,ゴジラ
assassin_cross_(ragnarok_online),4,1313,アサシンクロス（ラグナロクオンライン）
togepi,4,946,トゲピー
himemiya_anthy,4,667,姫宮アンシー
son_goten,4,732,息子ゴテン
franky_(one_piece),4,895,フランキー（ワンピース）
zero(z)_(mega_man),4,1179,ゼロ(z)（ロックマン）
x_(mega_man),4,1741,×（ロックマン）
fairy_leviathan_(mega_man),4,861,妖精リヴァイアサン（ロックマン）
vergil_(devil_may_cry),4,1285,バージル（悪魔は泣くかもしれない）
roxas,4,1067,ロハス
aile_(mega_man_zx),4,1673,エール（ロックマンゼクス）
ninian_(fire_emblem),4,641,ニニアン（ファイアーエムブレム）
batman,4,1006,バットマン
shermie_(kof),4,641,シェルミー（コフ）
tendou_akane,4,1633,天道あかね
kaiba_seto,4,853,海馬瀬戸
yami_yugi,4,836,闇遊戯
rinoa_heartilly,4,782,リノア・ハーティリー
garnet_til_alexandros_xvii,4,1369,アレクサンドロス17世までのガーネット
ashley_graham,4,812,アシュリー・グラハム
lucas_(mother_3),4,943,ルーカス（母3）
inuyasha_(character),4,888,犬夜叉（キャラクター）
jack_frost_(megami_tensei),4,737,ジャックフロスト（女神転生）
iori_junpei,4,773,伊織純平
player_character_(wow),4,862,プレイヤーキャラクター（おお）
pit_(kid_icarus),4,1875,ピット（キッドイカロス）
sanada_akihiko,4,1020,真田アキヒコ
pan_(dragon_ball),4,1035,パン（ドラゴンボール）
poison_(final_fight),4,775,毒（最後の戦い）
elizabeth_(persona),4,671,エリザベス（ペルソナ）
yellow_pikmin,4,1113,黄ピクミン
ada_wong,4,942,エイダ・ウォン
pichu,4,1483,ピチュー
solid_snake,4,879,しっかりしたヘビ
lili_(tekken),4,983,リリ（鉄拳）
navi,4,755,ナビ
yagami_hikari,4,928,八神ヒカリ
luvdisc,4,725,ラヴディスク
euphemia_li_britannia,4,687,ユーフェミア・リ・ブリタニア
crocodile_(one_piece),4,904,クロコダイル（ワンピース）
typhlosion,4,807,腸チフス
nunnally_vi_britannia,4,697,ナナリー・ヴィ・ブリタニア
gasai_yuno,4,753,我彩ゆの
froslass,4,731,フログラス
frankenstein's_monster,4,714,フランケンシュタインの怪物
ashley_(warioware),4,852,アシュリー（ワリオウェア）
caro_ru_lushe,4,623,カロ・ル・ルシェ
wario,4,820,ワリオ
adeptus_astartes,4,951,アデプタス・アスタルテス
franziska_von_karma,4,757,フランツィスカ・フォン・カルマ
hinamori_amu,4,809,日奈森あむ
mudkip,4,1386,マドキ
matou_sakura_(fate/zero),4,801,間桐桜（フェイト/ゼロ）
inami_mahiru,4,730,伊波まひる
taneshima_popura,4,1070,種島ぽぷら
edogawa_conan,4,1094,江戸川コナン
harley_quinn,4,1010,ハーレー・クイン
yumehara_nozomi,4,1173,夢原望美
kawashima_ami,4,713,川島亜美
akimoto_komachi,4,659,秋元小町
oddish,4,828,奇妙な
brook_(one_piece),4,918,小川（ワンピース）
kasugano_urara_(yes!_precure_5),4,671,春日野うらら（はい！プリキュア5）
larcei_(fire_emblem),4,1065,ラルセイ（ファイアーエムブレム）
cure_dream,4,679,夢を治す
angewomon,4,976,エンジェウーモン
boota_(ttgl),4,716,ブータ（ttgl）
hei_(darker_than_black),4,654,へい（黒よりも暗い）
ushiromiya_maria,4,1072,右代宮マリア
shannon_(umineko),4,670,シャノン（うみねこ）
itoshiki_nozomu,4,706,糸色望
kayneth_el-melloi_archibald,4,974,ケイネス・エルメロイ・アーチボルド
natsume_kyousuke,4,820,棗恭介
setsuna_f._seiei,4,776,せつな f.せいえい
tieria_erde,4,955,ティエリア・エルデ
ushiromiya_jessica,4,884,右代宮ジェシカ
prosciutto,4,0,生ハム
leone_abbacchio,4,835,レオーネ・アバッキオ
risotto_nero,4,671,リゾットネロ
master_(vocaloid),4,720,マスター（ボーカロイド）
celica_(fire_emblem),4,1019,セリカ（ファイアーエムブレム）
seliph_(fire_emblem),4,1255,セリフ（ファイアーエムブレム）
buneary,4,745,葬式
mia_(fire_emblem),4,841,ミア（ファイアーエムブレム）
haunter,4,868,幽霊
wooper,4,903,ウーパー
feldt_grace,4,698,フェルトグレース
kotegawa_yui,4,835,古手川唯
russia_(hetalia),4,1437,ロシア（ヘタリア）
tails_(sonic),4,1398,尾（ソニック）
sin_sack,4,643,罪袋
lugia,4,907,ルギア
saotome_alto,4,979,早乙女アルト
gogeta,4,1145,ゴジータ
vegetto,4,847,ベジット
anna_(fire_emblem),4,697,アンナ（ファイアーエムブレム）
courtney_(pokemon),4,744,コートニー（ポケモン）
yoshi,4,938,ヨシ
marill,4,960,マリル
vulpix,4,981,外陰部
blue_pikmin,4,1037,青ピクミン
purple_pikmin,4,774,紫ピクミン
jin_kisaragi,4,855,ジン・キサラギ
gyarados,4,745,ギャラドス
magikarp,4,951,コイキング
meta_knight,4,1429,メタナイト
mismagius,4,905,ミスマギウス
yellow_(pokemon),4,1084,黄色（ポケモン）
aisha_landar,4,1142,アイシャ・ランダー
yuki_judai,4,1852,結城十代
giratina,4,894,ギラティナ
erza_scarlet,4,1065,エルザ・スカーレット
klan_klein,4,648,クランクライン
turtwig,4,806,タートウィッグ
gallade,4,1456,ギャラド
selvaria_bles,4,710,セルバリアブレス
momo_velia_deviluke,4,1139,モモ・ベリア・デビルーク
takasu_ryuuji,4,686,高須竜二
china_(hetalia),4,1169,中国（ヘタリア）
france_(hetalia),4,1042,フランス（ヘタリア）
japan_(hetalia),4,1595,日本（ヘタリア）
prussia_(hetalia),4,819,プロイセン（ヘタリア）
united_kingdom_(hetalia),4,1798,イギリス（ヘタリア）
blaziken,4,836,ブラジケン
captain_america,4,870,キャプテン・アメリカ
arcanine,4,911,アルカニン
treecko,4,821,ツリーッコ
female_assassin_(fate/zero),4,745,女暗殺者（フェイト/ゼロ）
riliane_lucifen_d'autriche,4,677,リリアンヌ・ルシフェン・ドートリッシュ
mawile,4,1150,マワイレ
knuckles_the_echidna,4,1061,ハリモグラのナックル
vanilla_(nekopara),4,759,バニラ（ネコパラ）
swablu,4,917,スワブル
izayoi_aki,4,1217,十六夜アキ
fudo_yusei,4,1225,不動遊星
celebi,4,976,セレビィ
miyu_edelfelt_(magical_girl),4,920,美遊・エーデルフェルト（魔法少女）
rouge_the_bat,4,1646,バットのルージュ
shaymin,4,948,シェイミ
judith_(tales),4,659,ジュディス（物語）
adachi_tooru,4,869,安達透
banette,4,691,バネット
chikorita,4,1493,チコリータ
furret,4,1100,毛皮
ho-oh,4,766,ほうほう
latios,4,1011,ラティオス
rayquaza,4,808,レックウザ
riolu,4,873,リオル
totodile,4,1161,ワニ
raven_(dc),4,1497,カラス（直流）
deadpool,4,1823,デッドプール
raven_(tales),4,635,カラス（物語）
tanamachi_kaoru,4,741,棚町薫
xion_(kingdom_hearts),4,695,シオン（キングダム ハーツ）
diavolo,4,943,ディアボロ
lisa_lisa,4,657,リサリサ
hanna-justina_marseille,4,633,ハンナ・ユスティナ・マルセイユ
ciel_phantomhive,4,972,シエル・ファントムハイヴ
yamada_aoi,4,705,山田葵
aqua_(kingdom_hearts),4,740,アクア（キングダム ハーツ）
fukuji_mihoko,4,666,福地美穂子
wii_fit_trainer,4,673,wiiフィットトレーナー
wii_fit_trainer_(female),4,648,wiiフィットトレーナー（女性）
kazemaru_ichirouta,4,675,風丸一郎太
utane_uta,4,983,うたねうた
iron_man,4,784,アイアンマン
tony_stark,4,882,トニー・スターク
noctis_lucis_caelum,4,832,ノクティス・ルシス・チェラム
eas_(fresh_precure!),4,679,イース（フレッシュプリキュア！）
noi_(dorohedoro),4,734,いいえ（ドロヘドロ）
steve_rogers,4,938,スティーブ・ロジャース
manabe_nodoka,4,1020,真鍋のどか
donquixote_doflamingo,4,934,ドンキホーテ・ドフラミンゴ
araragi_karen,4,1090,阿良々木火蓮
mizutani_eri,4,652,水谷絵里
suzuki_jun,4,664,鈴木潤
chloe_von_einzbern_(archer_install),4,759,クロエ・フォン・アインツベルン（アーチャーのインストール）
black_hanekawa,4,761,ブラック羽川
himejima_akeno,4,1192,姫島朱乃
kobayakawa_rinko,4,687,小早川凛子
shiina_mayuri,4,1034,椎名まゆり
samson_(skullgirls),4,781,サムソン（スカルガールズ）
afuro_terumi,4,676,あふろてるみ
y'shtola_rhul,4,1360,ヤシュトラ・ルール
sorcerer_(ragnarok_online),4,1017,魔術師（ラグナロクオンライン）
kaai_yuki,4,932,河合ゆき
ononoki_yotsugi,4,1038,斧乃木余接
aioi_yuuko,4,665,相生ゆうこ
naganohara_mio,4,816,長野原みお
strength_(black_rock_shooter),4,662,強さ（ブラックロックシューター）
otonashi_yuzuru,4,719,音無ゆずる
orihara_izaya,4,831,折原臨也
sonohara_anri,4,669,園原杏里
mikazuki_yozora,4,664,三日月夜空
zorua,4,943,ゾロア
totooria_helmold,4,664,トトリアの兜
valentine_(skullgirls),4,631,バレンタイン（スカルガールズ）
jacket_girl_(dipp),4,1017,ジャケットガール（ディップ）
reshiram,4,872,レシラム
leafa_(sao),4,1742,リーファ（サオ）
cheren_(pokemon),4,1311,チェレン（ポケモン）
sabo_(one_piece),4,938,サボ（ワンピース）
shulk_(xenoblade),4,732,シュルク（ゼノブレイド）
lucas_lee,4,652,ルーカス・リー
emolga,4,854,エモンガ
lilligant,4,699,ふざけた
whimsicott,4,770,ウィムシコット
serperior,4,804,優れた
grimsley_(pokemon),4,652,グリムスリー（ポケモン）
kneesocks_(psg),4,948,ニーソックス（psg）
akemi_homura_(magical_girl),4,12344,暁美ほむら（魔法少女）
kaname_madoka_(magical_girl),4,9620,鹿目まどか（魔法少女）
kosaka_honoka,4,5094,高坂穂乃果
miki_sayaka_(magical_girl),4,8171,美樹さやか（魔法少女）
tomoe_mami_(magical_girl),4,8688,巴マミ（魔法少女）
cure_melody,4,1055,キュアメロディー
jude_mathis,4,698,ジュード・マティス
miss_fortune_(league_of_legends),4,711,幸運を逃す（リーグ・オブ・レジェンド）
sakura_kyoko_(magical_girl),4,6714,佐倉杏子（魔法少女）
kujou_karen,4,1112,九条カレン
matsukaze_tenma,4,662,松風天馬
creeper,4,833,つる植物
morgiana,4,664,モルジアナ
tojo_nozomi,4,7480,東条希
ikaruga_(senran_kagura),4,798,斑鳩（閃乱カグラ）
hibari_(senran_kagura),4,699,ひばり（閃乱カグラ）
yuuki_(sao),4,1222,ゆうき（サオ）
amazon_(dragon's_crown),4,706,アマゾン（ドラゴンズクラウン）
higashikata_josuke_(jojolion),4,803,東方仗助（ジョジョリオン）
kitten_(gravity_daze),4,772,子猫（重力幻惑）
seeu,4,708,シーウ
mizuki_yukikaze,4,678,水木雪風
saber_alter_(third_ascension),4,871,セイバーオルタ（第三の再臨）
riven_(league_of_legends),4,735,引き裂かれた（リーグ・オブ・レジェンド）
magolor,4,833,マゴロール
miia_(monster_musume),4,1161,ミイア（モンスター娘のいる日常）
squigly_(skullgirls),4,674,くねくねした（スカルガールズ）
cure_happy,4,1072,キュアハッピー
cure_march,4,1041,キュアマーチ
annie_leonhart,4,1113,アニー・レオンハート
sasha_blouse,4,677,サシャブラウス
ryuzaki_kaoru,4,1350,龍崎薫
takafuji_kako,4,681,たかふじかこ
kohinata_miho,4,1101,小日向美穂
mukai_takumi,4,1043,向井拓海
ogata_chieri,4,1087,緒方智絵里
luo_tianyi,4,852,羅天一
kisaragi_momo,4,673,如月もも
lulu_(league_of_legends),4,1035,ルル（リーグ・オブ・レジェンド）
dark_pit,4,804,暗い穴
nowi_(fire_emblem),4,738,今（ファイアーエムブレム）
konoha_(kagerou_project),4,630,このは（カゲロウプロジェクト）
mai_natsume,4,628,夏目舞
morgan_(fire_emblem),4,0,モーガン（ファイアーエムブレム）
dekomori_sanae,4,693,凸森早苗
kuzuryu_fuyuhiko,4,693,九頭竜冬彦
pekoyama_peko,4,867,ぺこやまぺこ
soda_kazuichi,4,921,宗田和一
tanaka_gundham,4,898,タナカガンダム
amuro_tooru,4,832,安室透
villager_(animal_crossing),4,890,村人（どうぶつの森）
caesar_(girls_und_panzer),4,648,シーザー（ガールズ＆パンツァー）
sawa_azusa,4,1160,沢あずさ
yamagou_ayumi,4,692,山郷あゆみ
sakaguchi_karina,4,690,坂口カリナ
rukuriri_(girls_und_panzer),4,734,ルクリリ（ガールズ＆パンツァー）
kitashirakawa_tamako,4,1038,北白川たまこ
yotsuba_alice,4,1029,四葉アリス
kiriya_aoi,4,1218,霧矢あおい
mordred_(memories_at_trifas)_(fate),4,1326,モードレッド（トリファでの思い出) (運命）
hoshino_(girls_und_panzer),4,811,ホシノ（ガールズ＆パンツァー）
hori_yuko,4,640,堀裕子
sieg_(fate),4,1333,ジーク（Fate）
nakatani_iku,4,681,中谷育
kousaka_umi,4,736,香坂海
shimabara_elena,4,675,島原エレナ
baba_konomi,4,660,馬場このみ
hans_christian_andersen_(fate),4,731,ハンス・クリスチャン・アンデルセン（Fate）
hikigaya_hachiman,4,665,比企谷八幡
kasuga_mirai,4,911,春日みらい
nanao_yuriko,4,1242,七尾百合子
suzukaze_aoba,4,1076,涼風青葉
rean_schwarzer,4,771,リーン・シュヴァルツァー
super_pochaco,4,661,スーパーポチャ子
sanageyama_uzu,4,1048,猿投山渦
kitakami_kai_ni_(kancolle),4,1140,北上改二（艦これ）
ooi_kai_ni_(kancolle),4,934,オイカイニ（艦これ）
reg_(made_in_abyss),4,888,登録（メイドインアビス）
miss_cloud,4,985,ミスクラウド
chi-class_torpedo_cruiser,4,634,カイ級水雷巡洋艦
dedenne,4,872,デデンネ
pyrrha_nikos,4,695,ピュラ・ニコス
kiana_kaslana,4,5905,キアナ・カスラナ
shimakaze-kun,4,666,島風くん
naka_kai_ni_(kancolle),4,989,なかかいに（艦これ）
goomy,4,939,グーミー
yunyun_(konosuba),4,1423,ゆんゆん（このすば）
marie_rose,4,1102,マリー・ローズ
shirayuki_hime,4,1045,白雪姫
kiso_kai_ni_(kancolle),4,1416,木曾改二（艦これ）
akitsu_maru_kai_(kancolle),4,1165,秋津丸改（艦これ）
ozora_akari,4,671,大空あかり
houlen_yabusame,4,757,ホーレン流鏑馬
enraku_tsubakura,4,883,燕倉円楽
kamio_reiji_(yua),4,635,カミオレイジ（ゆあ）
tone_kai_ni_(kancolle),4,877,トーンカイニ（艦これ）
jibril_(no_game_no_life),4,686,ジブリール（ノーゲーム・ノーライフ）
osaka_shizuku,4,2343,大阪しずく
benikurage_(cookie),4,786,ベニクラゲ（クッキー）
hiiragi_yuzu,4,679,柊ゆず
ozymandias_(fate),4,698,オジマンディアス（Fate）
igarashi_kyou_(eroe),4,696,五十嵐京（エロエ）
ryuuhou_(kancolle),4,635,りゅうほう（艦これ）
galko,4,708,ギャル子
kaizuka_inaho,4,640,かいづか稲穂
rudeus_greyrat,4,845,ルデウス・グレイラット
mash_kyrielight_(demi-servant),4,3401,マシュ・キリエライト（亜僕）
lisia_(pokemon),4,719,リシア（ポケモン）
flower_(vocaloid),4,966,花（ボーカロイド）
danua,4,1044,ダヌア
uraraka_ochaco,4,4761,麗日お茶子
jiro_kyoka,4,1519,京香次郎
aizawa_shota,4,696,相沢翔太
yuuki_yuuna,4,719,結城友奈
uchiha_sarada,4,826,うちはサラダ
tennouboshi_uzume,4,703,天王星うずめ
agent_3_(splatoon),4,1098,エージェント3（スプラトゥーン）
genji_(overwatch),4,718,源氏（オーバーウォッチ）
destroyer_princess,4,634,駆逐艦姫
todoroki_shoto,4,2392,轟焦凍
kirishima_eijiro,4,848,霧島鋭次郎
hagakure_toru,4,1018,葉隠透
tomori_nao,4,757,友利奈緒
yamagumo_(kancolle),4,1109,山雲（艦これ）
honoka_(doa),4,744,ほのか（どあ）
horikawa_kunihiro,4,1039,堀川国広
all_might,4,697,全力で
sayo_samonji,4,640,小夜左文字
chilchuck_tims,4,1688,チルチャック・ティムズ
laios_touden,4,3004,ライオストゥーデン
lyria_(granblue_fantasy),4,1113,リリア（グランブルーファンタジー）
yui_(princess_connect!),4,1180,ゆい（プリンセスコネクト！）
plain_doll,4,778,普通の人形
leo_(fire_emblem_fates),4,752,レオ（ファイアーエムブレム運命）
sakura_(fire_emblem),4,914,さくら（ファイアーエムブレム）
clarisse_(granblue_fantasy),4,1062,クラリス（グランブルーファンタジー）
sakurajima_mai,4,1266,桜島麻衣
mutsuki_kai_ni_(kancolle),4,980,睦月改二（艦これ）
flower_(vocaloid4),4,695,花（ボーカロイド4）
akitsushima_(kancolle),4,1060,秋津島（艦これ）
charlotta_(granblue_fantasy),4,691,シャーロッタ（グランブルーファンタジー）
kasaki_nozomi,4,1176,笠木希
jack-o'_valentine,4,1255,ジャック・オー・バレンタイン
velvet_crowe,4,731,ベルベット・クロウ
murata_himeko,4,1257,村田姫子
tiffy_(nottytiffy),4,642,ティッフィー（ノッティティフィ）
rimuru_tempest,4,1246,リムル・テンペスト
ophelia_(fire_emblem),4,809,オフィーリア（ファイアーエムブレム）
sophie_neuenmuller,4,763,ソフィー・ノイエンミュラー
yae_sakura_(gyakushinn_miko),4,760,八重桜（逆神巫女）
tamamo_cat_(third_ascension)_(fate),4,729,タマモキャット（第三再臨) (運命）
senshi_(dungeon_meshi),4,2270,戦士（ダンジョン飯）
kindred_(league_of_legends),4,872,親族（リーグ・オブ・レジェンド）
lamb_(league_of_legends),4,857,子羊（リーグ・オブ・レジェンド）
sans_(undertale),4,1813,ない（アンダーテール）
koito_yuu,4,744,小糸侑
nanami_touko,4,705,七海塔子
zuikaku_kai_ni_(kancolle),4,851,瑞鶴改二（艦これ）
clara_(girls_und_panzer),4,676,クララ（ガールズ＆パンツァー）
izutsumi,4,1078,井堤
kar98k_(girls'_frontline),4,683,kar98k（少女前線）
reigen_arataka,4,1005,霊幻新隆
lion_(kemono_friends),4,1062,ライオン（けものフレンズ）
mp40_(girls'_frontline),4,702,mp40（少女前線）
falin_touden,4,3292,ファリン・トゥーデン
falin_touden_(tallman),4,1691,ファリン・トゥーデン（トールマン）
tsuji_renta,4,636,辻貸太
cu_chulainn_alter_(fate),4,1158,クー・フーリン・オルタ（Fate）
arashio_kai_ni_(kancolle),4,718,荒潮改二（艦これ）
white_blood_cell_(hataraku_saibou),4,635,白血球（はたらく細胞）
soldier:_76_(overwatch),4,751,兵士：76（オーバーウォッチ）
akechi_gorou,4,1196,明智五郎
tokisaki_mio_(niliu_chahui),4,777,時咲みお（ニリウ・チャーフイ）
nyon_(cookie),4,881,にょん（クッキー）
lilith_(machikado_mazoku),4,703,リリス（まちカドまぞく）
grizzly_mkv_(girls'_frontline),4,734,グリズリー MKV（少女前線）
echidna_(re:zero),4,744,ハリモグラ（リ：ゼロ）
ichigaya_arisa,4,768,市ヶ谷有咲
lancelot_(fate/grand_order),4,734,ランスロット（フェイト/グランドオーダー）
primarina,4,899,プリマリナ
z3_max_schultz_(swimsuit_mode)_(kancolle),4,0,z3 マックス シュルツ（水着モード) (艦これ)）
minazuki_(kancolle),4,681,水無月（艦これ）
martha_(swimsuit_ruler)_(fate),4,748,マーサ（水着定規) (Fate）
ots-14_(girls'_frontline),4,957,ots-14（少女前線）
king_hassan_(fate),4,1112,ハッサン王（Fate）
aether_foundation_employee,4,722,エーテル財団職員
lycanroc,4,766,ライカンロック
kawakami_sadayo,4,901,川上貞代
uranami_(kancolle),4,617,浦波（艦これ）
gokuhara_gonta,4,962,獄原ゴン太
shirogane_tsumugi,4,1001,白銀つむぎ
tojo_kirumi,4,923,東条キルミ
hoshi_ryoma,4,739,星竜馬
shinguji_korekiyo,4,730,真司是清
kiana_kaslana_(white_comet),4,657,キアナ・カスラナ（白色彗星）
hashibira_inosuke,4,695,嘴平伊之助
yuri_plisetsky,4,1001,ユーリ・プリセツキー
sombra_(overwatch),4,736,ソンブラ（オーバーウォッチ）
touhoku_itako,4,730,東北潮来
elma_(maidragon),4,678,エルマ（メイドドラゴン）
quetzalcoatl_(fate),4,724,ケツァルコアトル（Fate）
tiamat_(fate),4,906,ティアマト（Fate）
welrod_mkii_(girls'_frontline),4,644,ウェルロッドmkii（少女前線）
merlin_(fate/prototype),4,1286,マーリン（運命/プロトタイプ）
miyamoto_musashi_(third_ascension)_(fate),4,698,宮本武蔵（第三再臨) (運命）
female_commander_(girls'_frontline),4,771,女性指揮官（少女前線）
ro635_(girls'_frontline),4,1339,ロ635（少女前線）
mipha,4,659,ミファ
octoling_boy,4,1128,八月の男の子
nikki_(nikki),4,2626,ニッキ（ニッキ）
ilulu_(maidragon),4,1344,イルル（メイドドラゴン）
royal_penguin_(kemono_friends),4,651,ロイヤルペンギン（けものフレンズ）
cellien_(kemono_friends),4,663,セリエン（けものフレンズ）
saber_alter_(ver._shinjuku_1999),4,1007,セイバーオルタ（バージョン新宿 1999）
james_moriarty_(archer)_(fate),4,714,ジェームズ・モリアーティ（アーチャー) (運命）
brown_long-eared_bat_(kemono_friends),4,979,茶色の長い耳のコウモリ（けものフレンズ）
coyote_(kemono_friends),4,805,コヨーテ（けものフレンズ）
sandalphon_(granblue_fantasy),4,1192,サンダルフォン（グランブルーファンタジー）
purah,4,1298,プラ
suzuya_kai_ni_(kancolle),4,1352,鈴谷改二（艦これ）
spas-12_(girls'_frontline),4,912,スパ-12（少女前線）
lana's_mother_(pokemon),4,756,ラナの母親（ポケモン）
sakata_nemuno,4,839,坂田ねむの
hado_nejire,4,1132,はどうねじれ
tennoji_rina,4,2211,天王寺リナ
yuki_setsuna,4,3081,優木せつ菜
shiraishi_tsumugi,4,792,白石紬
hood_(azur_lane),4,692,フード（アズールレーン）
ping_hai_(azur_lane),4,636,ピンハイ（アズールレーン）
kallen_kaslana,4,728,カレン・カスラナ
iino_miko,4,870,飯野みこ
ange_(princess_principal),4,625,アンジェ（プリンセス・プリンシパル）
dsr-50_(girls'_frontline),4,627,DSR-50（少女前線）
smallfry_(splatoon),4,797,雑魚（スプラトゥーン）
admiral_hipper_(azur_lane),4,648,アドミラル・ヒッパー（アズールレーン）
deutschland_(azur_lane),4,674,ドイツ（アズールレーン）
z46_(azur_lane),4,621,z46（アズールレーン）
faputa,4,690,ファプタ
hatakaze_(kancolle),4,658,はたかぜ（艦これ）
atago_(summer_march)_(azur_lane),4,656,愛宕（サマーマーチ) (アズールレーン)）
liskarm_(arknights),4,793,リスカーム（アークナイツ）
ichigo_(darling_in_the_franxx),4,1048,いちご（ダーリン・イン・ザ・フランキス）
dennou_shoujo_siro,4,679,電脳少女シロ
senko_(sewayaki_kitsune_no_senko-san),4,733,線香（世話焼きキツネの仙狐さん）
florence_nightingale_(trick_or_treatment)_(fate),4,1155,フローレンス・ナイチンゲール（トリック・オア・トリートメント) (運命）
morag_ladair_(xenoblade),4,653,モラグ・ラデア（ゼノブレイド）
nono_hana,4,684,野々花
yakushiji_saaya,4,642,薬師寺さあや
circe_(fate),4,705,円周（Fate）
ayanami_(retrofit)_(azur_lane),4,1018,綾波（改造) (アズールレーン）
kadoc_zemlupus,4,858,カドック・ゼムルプス
hiburi_(kancolle),4,643,ひぶり（艦これ）
oryou_(fate),4,647,それとも（Fate）
franka_(arknights),4,821,フランカ（アークナイツ）
murasame_kai_ni_(kancolle),4,1359,村雨改二（艦これ）
tsukishima_hajime,4,750,月島ハジメ
majin_android_21,4,886,魔人アンドロイド21号
nekomusume_(gegege_no_kitarou_6),4,1057,猫娘（ゲゲゲの鬼太郎 6）
captain_(honkai_impact),4,1119,キャプテン（本海インパクト）
kabru,4,1708,カブルー
koito_otonoshin,4,685,鯉登音之進
yukoku_kiriko,4,1285,幽谷キリコ
kai'sa,4,661,カイサ
yuuki_(princess_connect!),4,1139,ゆうき（プリンセスコネクト！）
higuchi_kaede_(1st_costume),4,858,樋口楓（1stコスチューム）
a-chan_(hololive),4,897,あ～ちゃん（ホロライブ）
agent_8_(splatoon),4,1401,エージェント8（スプラトゥーン）
kyoka_(princess_connect!),4,1353,京香（プリンセスコネクト！）
mdr_(girls'_frontline),4,777,MDR（少女前線）
mononobe_alice,4,619,物部アリス
daiba_nana,4,887,台場奈々
saijou_claudine,4,1145,西条クロディーヌ
tendou_maya,4,1131,天道まや
kenmochi_touya,4,1144,剣持刀也
inari_one_(umamusume),4,728,稲荷一（ウマ娘）
sweep_tosho_(umamusume),4,1467,スイープ図書（ウマ娘）
friedrich_der_grosse_(azur_lane),4,747,フリードリヒ・デア・グローセ（アズールレーン）
ghislaine_dedoldia,4,806,ギスレーヌ・デドルディア
tokino_sora_(1st_costume),4,667,ときのそら（1stコスチューム）
sister_claire_(1st_costume),4,686,シスタークレア（1stコスチューム）
talulah_(arknights),4,834,タルラ（アークナイツ）
rengoku_kyoujurou,4,1171,煉獄杏寿郎
kiana_kaslana_(herrscher_of_the_void),4,745,キアナ・カスラナ（虚空のヘルッシャー）
dimitri_alexandre_blaiddyd,4,3065,ディミトリ・アレクサンドル・ブライド
dokibird_(vtuber),4,0,ドキバード（vtuber）
pecorine_(summer)_(princess_connect!),4,617,ペコリーヌ（夏）（プリンセスコネクト！）
broly_(dragon_ball_super),4,663,ブロリー（ドラゴンボール超）
protagonist_3_(housamo),4,1146,主人公3（放サモ）
sasaki_saku_(1st_costume),4,799,佐々木サク（1stコスチューム）
massachusetts_(azur_lane),4,664,マサチューセッツ州（アズールレーン）
shiina_yuika_(1st_costume),4,841,椎名ゆいか（1stコスチューム）
kuzuha_(nijisanji),4,1746,くずは（にじさんじ）
aki_rosenthal,4,1352,アキ・ローゼンタール
yuzuki_choco_(1st_costume),4,823,柚木チョコ（1stコスチューム）
kurokami_fubuki,4,902,黒上フブキ
taihou_(forbidden_fruit)_(azur_lane),4,795,タイホウ（禁断の果実)(アズールレーン)）
mizuhara_chizuru,4,744,水原千鶴
peni_parker,4,841,ペニパーカー
suou_patra,4,923,周防パトラ
kris_(deltarune),4,2593,クリス（デルタルーン）
p90_(girls'_frontline),4,778,p90（少女前線）
captain_nemo_(fate),4,733,ネモ船長（Fate）
mythra_(massive_melee)_(xenoblade),4,767,ミトラ（大規模な近接攻撃) (ゼノブレイド)）
jingwei_(bird),4,750,景偉（鳥）
gummy_(arknights),4,648,グミ（アークナイツ）
amagi_(azur_lane),4,1269,天城（アズールレーン）
beni-enma,4,737,紅閻魔
hoshino_hinata,4,660,ほしのひなた
hoshino_miyako_(wataten),4,663,ほしのみやこ（わたてん）
shirosaki_hana,4,695,白咲花
durandal_(honkai_impact),4,1048,デュランダル（本海インパクト）
dorothea_arnault,4,1361,ドロテア・アルノー
kurosaki_chitose,4,701,黒崎千歳
shigure_ui_(vtuber)_(1st_costume),4,885,しぐれうい（vtuber) (1stコスチューム）
meowy_(chainsaw_man),4,641,ニャーイ（チェーンソーマン）
ange_katrina_(1st_costume),4,1053,アンジュ・カトリーナ（1stコスチューム）
sebastian_piyodore,4,982,セバスチャン・ピヨドール
rozaliya_olenyeva,4,873,ロザリヤ・オレニエワ
rapi_(nikke),4,1912,ラピ（ニッケ）
shimakaze_(azur_lane),4,690,しまかぜ（アズールレーン）
pramanix_(arknights),4,1170,プラマニクス（アークナイツ）
felix_hugo_fraldarius,4,967,フェリックス・ヒューゴ・フラルダリウス
texas_(winter_messenger)_(arknights),4,652,テキサス（冬の使者) (アークナイツ)）
okkotsu_yuuta,4,815,おっこつゆうた
zen'in_maki,4,903,禅院マキ
octane_(apex_legends),4,750,オクタン価（エーペックスレジェンド）
warfarin_(arknights),4,818,ワルファリン（アークナイツ）
sylvain_jose_gautier,4,995,シルヴァン・ジョゼ・ゴーティエ
emet-selch,4,744,エメットセルク
g'raha_tia,4,1143,グラハ・ティア
hakase_fuyuki,4,789,葉加瀬冬樹
35p_(sakura_miko),4,1174,35ペンス（桜みこ）
enlightened_byleth_(female),4,0,啓発されたベレス（女性）
ars_almal,4,677,アルス・アルマル
miyamoto_musashi_(swimsuit_berserker)_(second_ascension)_(fate),4,1257,宮本武蔵（水着バーサーカー)(再臨)(Fate)）
shirogane_noel_(1st_costume),4,1163,白銀ノエル（1stコスチューム）
laundry_dragonmaid,4,904,ランドリードラゴンメイド
meltryllis_(swimsuit_lancer)_(first_ascension)_(fate),4,1188,メルトリリス（水着ランサー)(初再臨)(Fate)）
artoria_pendragon_(swimsuit_ruler)_(first_ascension)_(fate),4,1521,アルトリア・ペンドラゴン（水着定規)(初再臨)(Fate)）
nekomata_okayu_(casual),4,0,猫又おかゆ（カジュアル）
falin_touden_(chimera),4,1176,ファリン・トゥーデン（キメラ）
bache_(azur_lane),4,755,バチェ（アズールレーン）
employee_(project_moon),4,1523,従業員（Project Moon）
nugget_(project_moon),4,1694,ナゲット（Project Moon）
kroos_(arknights),4,695,クロース（アークナイツ）
astesia_(arknights),4,770,アステシア（アークナイツ）
ichikawa_kyoutarou,4,854,市川京太郎
captain_(kemono_friends),4,1401,キャプテン（けものフレンズ）
charlie_morningstar,4,875,チャーリー・モーニングスター
hoshikawa_sara_(1st_costume),4,694,星川サラ（1stコスチューム）
hiiragi_utena,4,1095,柊うてな
magia_baiser,4,889,マギアバイザー
pine_(bombergirl),4,662,松（ボンバーガール）
ichinose_uruha,4,1093,一ノ瀬うるは
hatterene,4,855,ハッテレン
hoshino_ichika_(project_sekai),4,975,ほしのいちか（プロジェクトセカイ）
hanasato_minori,4,1133,花里みのり
inteleon,4,783,インテレオン
melony_(pokemon),4,913,メロン（ポケモン）
okunoda_miyoi,4,764,奥野田美宵
liv_(pgr),4,757,ライブ（pgr）
shirayuki_tomoe,4,936,白雪巴
reed_(arknights),4,1270,葦（アークナイツ）
lucia_(pgr),4,1211,ルシア（pgr）
noshiro_(azur_lane),4,766,能代（アズールレーン）
ookami_mio_(casual),4,0,大神ミオ（カジュアル）
hanadera_nodoka,4,776,花寺のどか
himemori_luna_(1st_costume),4,696,姫森ルナ（1stコスチューム）
mithrun,4,2178,ミスルン
hung_(arknights),4,976,ハングアップ（アークナイツ）
ak-15_(girls'_frontline),4,894,AK-15（少女前線）
klara_(pokemon),4,873,クララ（ポケモン）
xiao_wu_(douluo_dalu),4,629,シャオウー（ドゥルオ・ダル）
fu_hua_(azure_empyrea),4,880,フーファ（紺碧のエンピレア）
takasaki_yu,4,2435,高崎優
furen_e_lustario,4,1167,フューレン・エ・ルスタリオ
damian_desmond,4,1393,ダミアン・デズモンド
pamiat_merkuria_(azur_lane),4,686,パミアト・メルクリア（アズールレーン）
tashkent_(azur_lane),4,712,タシケント（アズールレーン）
utage_(arknights),4,1440,宴（アークナイツ）
shibuya_kanon,4,2161,渋谷カノン
kojo_anna,4,618,古城アンナ
bond_(spy_x_family),4,807,ボンド（スパイ×ファミリー）
ayunda_risu,4,1039,アユンダ・リス
airani_iofifteen,4,849,アイラニ・イオフィフティーン
shamare_(arknights),4,725,シャマレ（アークナイツ）
tenma_saki,4,1109,天馬咲
yoisaki_kanade,4,2032,宵咲奏
leona_kingscholar,4,745,レオナ・キングスカラー
floyd_leech,4,1404,フロイド・ヒル
jade_leech,4,1092,ヒスイヒル
theresa_(arknights),4,1209,テレサ（アークナイツ）
kiritani_haruka,4,1039,桐谷はるか
kusanagi_nene,4,1620,草薙寧々
kamishiro_rui,4,1445,神城るい
azusawa_kohane,4,1260,梓沢こはね
shiraishi_an,4,1342,白石杏
lappland_(refined_horrormare)_(arknights),4,827,ラップランド（洗練されたホラーメア) (アークナイツ)）
lin_(arknights),4,806,リン（アークナイツ）
minami_yume,4,734,南夢
yuu_(twisted_wonderland),4,921,ゆう（ツイステッドワンダーランド）
arashi_chisato,4,1242,嵐千里
hazuki_ren,4,966,葉月れん
lucifer_morningstar_(hazbin_hotel),4,872,ルシファー・モーニングスター（ハズビン ホテル）
anisphia_wynn_palettia,4,1013,アニフィア・ウィン・パレッティア
euphyllia_magenta,4,953,ユーフィリア マゼンタ
cerberus_(helltaker),4,1083,ケルベロス（ヘルテイカー）
azazel_(helltaker),4,748,アザゼル（ヘルテイカー）
judgement_(helltaker),4,770,判定（ヘルテイカー）
malina_(helltaker),4,755,マリナ（ヘルテイカー）
isekaijoucho,4,2188,伊勢海城町
nobeta,4,808,ノベタ
luo_xiaohei_(human),4,680,ルオ・シャオヘイ（人間）
jingei_(kancolle),4,1229,じんげい（艦これ）
byleth_(female)_(summer)_(fire_emblem),4,0,ベレス（女性) (夏) (ファイアーエムブレム)）
hornet_(kancolle),4,1254,スズメバチ（艦これ）
clumsy_nun_(diva),4,1293,不器用な修道女（歌姫）
airi_(blue_archive),4,1671,アイリ（ブルーアーカイブ）
ayane_(blue_archive),4,1443,アヤネ（ブルーアーカイブ）
chinatsu_(blue_archive),4,904,チナツ（ブルーアーカイブ）
hare_(blue_archive),4,1190,ハレ（ブルーアーカイブ）
kirara_(blue_archive),4,1464,キララ（ブルーアーカイブ）
yoshimi_(blue_archive),4,1999,ヨシミ（ブルーアーカイブ）
ironmouse,4,807,アイアンマウス
thorns_(arknights),4,882,とげ（アークナイツ）
baron_bunny_(genshin_impact),4,708,バロンバニー（原神）
sessyoin_kiara_(swimsuit_mooncancer),4,0,殺生院キアラ（水着ムーンキャンサー）
shiranui_flare_(1st_costume),4,697,不知火フレア（1stコスチューム）
crewmate_(among_us),4,1318,クルーメイト（Among Us）
ao-chan_(ninomae_ina'nis),4,751,あおちゃん（ニノマエ・イナイニス）
kashino_(hot_springs_relaxation)_(azur_lane),4,684,樫野（温泉リラクゼーション）（アズールレーン））
sora_(blue_archive),4,874,ソラ（ブルーアーカイブ）
clive_rosfield,4,963,クライヴ・ロスフィールド
haruka_(blue_archive),4,2291,ハルカ（ブルーアーカイブ）
oz_(genshin_impact),4,637,オンス（原神）
momosuzu_nene_(1st_costume),4,764,ももすずねね（1stコスチューム）
bennett_(genshin_impact),4,916,ベネット（原神）
himmel_(sousou_no_frieren),4,1632,ヒンメル（葬送のフリーレン）
texas_(willpower)_(arknights),4,901,テキサス（意志の力) (アークナイツ）
smol_ame,4,754,スモルアメ
ame-chan_(needy_girl_overdose),4,2273,あめちゃん（needy_girl_overdose）
zhong_lanzhu,4,1138,鍾蘭珠
hoshimachi_suisei_(casual),4,1129,星町すいせい（カジュアル）
mia_taylor,4,952,ミア・テイラー
signora_(genshin_impact),4,842,シニョーラ（原神）
toudou_aoi_(jujutsu_kaisen),4,732,藤堂あおい（呪術廻戦）
tachibana_hinano_(vtuber),4,0,橘ひなの（vtuber）
fushiguro_touji,4,1031,伏黒刀司
anya_melfissa,4,901,アーニャ・メルフィサ
pavolia_reine,4,1581,パヴォリア・レーヌ
yaoyao_(genshin_impact),4,795,ヤオヤオ（原神）
ibuki_douji_(fate),4,759,いぶき童子（Fate）
pekomama,4,1892,ペコママ
kanou_aogu,4,1360,カノウ・アオグ
nayuta_(chainsaw_man),4,842,なゆた（チェーンソーマン）
natsuumi_manatsu,4,731,夏海真夏
atou_haruki,4,2200,阿東遥希
roland_(project_moon),4,969,ローランド（Project Moon）
niko_(blue_archive),4,840,ニコ（ブルーアーカイブ）
aubrey_(faraway)_(omori),4,2263,オーブリー（遠く）（大森）
fallenshadow,4,781,フォールシャドウ
lokulo-chan_(lokulo_no_mawashimono),4,687,ロクロちゃん（ロクロの回し者）
hero_(headspace)_(omori),4,1139,ヒーロー（ヘッドスペース）（大森）
hero_(omori),4,2291,ヒーロー（大森）
kotori_(blue_archive),4,970,コトリ（ブルーアーカイブ）
hanae_(blue_archive),4,735,ハナエ（ブルーアーカイブ）
mashiro_(blue_archive),4,702,マシロ（ブルーアーカイブ）
houjou_tokiyuki_(nige_jouzu_no_wakagimi),4,1169,北条時行（にげ上手の若君）
chando_(ado),4,2421,チャンド（ああ）
chise_(blue_archive),4,971,チセ（ブルーアーカイブ）
rin_(blue_archive),4,858,リン（ブルーアーカイブ）
omori_(omori),4,3017,大森（大森）
alisa_mikhailovna_kujou,4,1135,アリサ・ミハイロヴナ・クジョウ
basil_(faraway)_(omori),4,3293,バジル（遠く）（大森）
daitaku_helios_(umamusume),4,1920,ダイタクヘリオス（ウマ娘）
miyagawa_takane,4,881,宮川貴音
kurokawa_akane,4,1002,黒川あかね
hoshino_ai,4,2196,星野愛
hiyori_(blue_archive),4,1364,ヒヨリ（ブルーアーカイブ）
makoto_(blue_archive),4,891,マコト（ブルーアーカイブ）
misaki_(blue_archive),4,1224,ミサキ（ブルーアーカイブ）
aketa_mikoto,4,870,アケタミコト
nanakusa_nichika,4,973,七草にちか
t-head_trainer_(umamusume),4,2707,Tヘッドトレーナー（ウマ娘）
ikaruga_luca,4,839,斑鳩ルカ
kel_(headspace)_(omori),4,1166,ケル（ヘッドスペース）（大森）
kel_(omori),4,2954,ケル（大森）
female_trainer_(umamusume),4,1029,女性トレーナー（ウマ娘）
ssrb_(shishiro_botan),4,790,ssrb（獅子代牡丹）
hina_(pajamas)_(blue_archive),4,921,ヒナ（パジャマ）（ブルーアーカイブ）
ninomae_ina'nis_(casual),4,685,ニノマエ・イナイニス（カジュアル）
something_(omori),4,1151,何か（大森）
elira_pendora_(1st_costume),4,637,エリラ・ペンドラ（1stコスチューム）
rosemi_lovelock,4,846,ロゼミ・ラブロック
venat_(ff14),4,1016,ベナト（ff14）
basil_(headspace)_(omori),4,1915,バジル（ヘッドスペース）（大森）
hero_(faraway)_(omori),4,1173,ヒーロー（遠く）（大森）
mari_(faraway)_(omori),4,1353,マリ（遠く）（大森）
mari_(omori),4,2873,マリ（大森）
new_jersey_(azur_lane),4,1386,ニュージャージー（アズールレーン）
sukonbu_(shirakami_fubuki),4,810,すこんぶ（白上フブキ）
aubrey_(headspace)_(omori),4,1375,オーブリー（ヘッドスペース）（大森）
august_von_parseval_(azur_lane),4,717,アウグスト・フォン・パーシヴァル（アズールレーン）
hoshino_(first_year)_(blue_archive),4,976,ホシノ（1年生）（ブルーアーカイブ）
kiana_kaslana_(herrscher_of_flamescion),4,946,キアナ・カスラナ（フレイムシオンのヘルッシャー）
hifumi_(swimsuit)_(blue_archive),4,874,ヒフミ（水着）（ブルーアーカイブ）
elysia_(miss_pink_elf)_(honkai_impact),4,3028,エリシア（ミスピンクエルフ) (本海インパクト)）
yanami_anna,4,1163,八奈美アンナ
kson,4,693,クソン
galleon_(granblue_fantasy),4,848,ガレオン船（グランブルーファンタジー）
mobius_(honkai_impact),4,1409,メビウス（本海インパクト）
isoi_reiji,4,1705,磯井玲二
utsugi_noriyuki,4,3660,宇津木範之
yakumo_beni,4,823,八雲紅
takakura_ken_(dandadan),4,2268,高倉健（ダンダダン）
cernunnos_(fate),4,508,ケルヌンノス（Fate）
kaede_(blue_archive),4,942,カエデ（ブルーアーカイブ）
ceres_fauna_(1st_costume),4,1498,セレス動物相（1stコスチューム）
tsukumo_sana_(1st_costume),4,777,九十九さな（1stコスチューム）
mari_(headspace)_(omori),4,1298,マリ（ヘッドスペース）（大森）
kirino_(blue_archive),4,1086,キリノ（ブルーアーカイブ）
ayase_momo,4,3036,綾瀬もも
shishiro_botan_(button-down),4,637,獅子代牡丹（ボタンダウン）
yae_miko_(fox),4,854,八重みこ（キツネ）
kama_(swimsuit_avenger)_(fate),4,0,カマ（水着アベンジャー) (Fate）
fubuki_(blue_archive),4,1675,フブキ（ブルーアーカイブ）
scaramouche_(kabukimono)_(genshin_impact),4,1662,スカラムーシュ（カブキモノ) (原神インパクト)）
kel_(faraway)_(omori),4,1865,ケル（遠く）（大森）
aizawa_ema,4,898,相沢絵麻
funada_kiito,4,917,船田樹糸
reimu_endou,4,681,遠藤玲夢
enna_alouette,4,1378,エンナ・アルエット
nina_kosaka,4,671,高坂仁菜
millie_parfait,4,863,ミリーパフェ
march_7th_(preservation)_(honkai:_star_rail),4,3256,3月7日（保存）（本海：スターレール））
arataki_itto,4,1362,あらたき一刀
female_sensei_(blue_archive),4,1233,女性先生（ブルーアーカイブ）
dan_heng_(hunt)_(honkai:_star_rail),4,1092,ダン・ヘン（ハント）（本海：スターレール））
justice_task_force_member_(blue_archive),4,1949,正義実現委員会メンバー（ブルーアーカイブ）
arcane_vi,4,903,難解なvi
melina_(elden_ring),4,976,メリナ（エルデンリング）
arcane_jinx,4,1151,難解なジンクス
alice_(nikke),4,957,アリス（ニッケ）
theodore_riddle,4,1594,セオドアのなぞなぞ
mejiro_bright_(umamusume),4,880,メジロブライト（ウマ娘）
outis_(project_moon),4,1554,アウトです（Project Moon）
ike_eveland,4,837,アイク・エヴェランド
luca_kaneshiro,4,681,金城ルカ
vox_akuma,4,816,ヴォックスアクマ
usada_pekora_(casual),4,779,うさだぺこら（カジュアル）
ulrich_von_hutten_(azur_lane),4,756,ウルリッヒ・フォン・ハッテン（アズールレーン）
ouro_kronii_(casual),4,895,オウロ・クロニ（カジュアル）
queen_draco_(fate),4,920,ドラコ女王（Fate）
gregor_(project_moon),4,1212,グレゴール（Project Moon）
rodion_(project_moon),4,1256,ロディオン（Project Moon）
ishmael_(project_moon),4,4155,イシュマエル（Project Moon）
heathcliff_(project_moon),4,1922,ヒースクリフ（Project Moon）
ryoshu_(project_moon),4,2097,りょうしゅう（Project Moon）
meursault_(project_moon),4,1199,ムルソー（Project Moon）
dante_(limbus_company),4,1760,ダンテ（リンバスカンパニー）
sonetto_(reverse:1999),4,1706,ソネット（裏面: 1999）
shadowheart_(baldur's_gate),4,969,シャドウハート（バルドルの門）
nagomi_yui,4,730,なごみゆい
chihiro_(blue_archive),4,1019,チヒロ（ブルーアーカイブ）
satsuki_(blue_archive),4,1288,サツキ（ブルーアーカイブ）
serika_(swimsuit)_(blue_archive),4,1117,セリカ（水着）（ブルーアーカイブ）
harada_minoru,4,1850,原田実
shez_(fire_emblem),4,0,シェズ（ファイアーエムブレム）
mio_(xenoblade),4,1448,ミオ（ゼノブレイド）
sakura_laurel_(umamusume),4,752,サクラローレル（ウマ娘）
quaxly,4,1009,準的に
lovely_labrynth_of_the_silver_castle,4,1592,銀の城の素敵な迷宮
aponia_(honkai_impact),4,0,アポニア（本海インパクト）
miquella_(elden_ring),4,807,ミケラ（エルデンリング）
pom-pom_(honkai:_star_rail),4,999,ポンポン（崩壊：スターレイル）
sephiroth_(ever_crisis),4,1055,セフィロス（これまでの危機）
kaela_kovalskia,4,1094,カエラ・コヴァルスキア
kobo_kanaeru,4,1032,工房カナエル
vestia_zeta,4,887,ベスティアゼタ
reijo_(blue_archive),4,808,レイジョ（ブルーアーカイブ）
uta_(one_piece),4,1088,うた（ワンピース）
shez_(female)_(fire_emblem),4,0,シェズ（女性) (ファイアーエムブレム）
nice_nature_(run&win)_(umamusume),4,759,素敵な自然（run&win) (ウマ娘）
wakana_shiki,4,976,四季わかな
tanino_gimlet_(umamusume),4,975,タニノギムレット（ウマ娘）
symboli_kris_s_(umamusume),4,946,シンボリクリス（ウマ娘）
amillion_(zenless_zone_zero),4,965,百万（ゼンレスゾーンゼロ）
anby_demara,4,1649,アンビー・デマラ
nicole_demara,4,3365,ニコール・デマラ
hoshimi_miyabi,4,5388,星見みやび
corin_wickes,4,1312,コリン・ウィックス
von_lycaon,4,1847,フォン・リカオン
herta_(honkai:_star_rail),4,3314,ヘルタ（崩壊：スターレイル）
soukaku_(zenless_zone_zero),4,1449,ソウカク（ゼンレスゾーンゼロ）
indomitable_(azur_lane),4,717,不屈の（アズールレーン）
hyakumantenbara_salome_(1st_costume),4,884,百万天原サロメ（1stコスチューム）
eous_(zenless_zone_zero),4,1966,ひどい（ゼンレスゾーンゼロ）
aura_(sousou_no_frieren),4,1038,オーラ（葬送のフリーレン）
ubel_(sousou_no_frieren),4,2041,ユーベル（葬送のフリーレン）
belle_(zenless_zone_zero),4,4996,ベル（ゼンレスゾーンゼロ）
elster_(signalis),4,666,エルスター（シグナリス）
virtuosa_(arknights),4,1600,名手（アークナイツ）
wakamo_(swimsuit)_(blue_archive),4,994,ワカモ（水着）（ブルーアーカイブ）
jing_yuan,4,1151,ジンユン
female_rover_(wuthering_waves),4,2416,女性探査機（鳴潮）
rover_(wuthering_waves),4,4218,ローバー（鳴潮）
columbina_(genshin_impact),4,1202,コロンビーナ（原神）
cinnamiku,4,839,シナミク
blade_(honkai:_star_rail),4,2453,ブレード（崩壊：スターレイル）
daring_tact_(umamusume),4,1023,大胆なタクト（ウマ娘）
elysia_(herrscher_of_human:_ego)_(honkai_impact),4,3089,エリシア（人間のヘルッシャー：自我）（ホンカイインパクト））
david_martinez,4,691,デビッド・マルティネス
wise_(zenless_zone_zero),4,4133,賢い（ゼンレスゾーンゼロ）
pozyomka_(arknights),4,825,ポジョムカ（アークナイツ）
surtr_(colorful_wonderland)_(arknights),4,726,スルトル（カラフルワンダーランド) (アークナイツ)）
yume_(blue_archive),4,999,ユメ（ブルーアーカイブ）
frye_(splatoon),4,1449,フライ（スプラトゥーン）
candace_(genshin_impact),4,722,キャンディス（原神）
firefly_(honkai:_star_rail),4,13272,ホタル（崩壊：スターレイル）
siberian_chipmunk_(kemono_friends),4,717,シベリアシマリス（けものフレンズ）
geeta_(pokemon),4,925,ジータ（ポケモン）
suzuran_(spring_praise)_(arknights),4,1022,すずらん（春の賛美) (アークナイツ)）
musashi_(azur_lane),4,1045,武蔵（アズールレーン）
alear_(male)_(fire_emblem),4,0,気づいた（男性) (ファイアーエムブレム)）
ivy_(fire_emblem),4,1020,アイビー（ファイアーエムブレム）
celine_(fire_emblem),4,844,セリーヌ（ファイアーエムブレム）
secelia_dote,4,831,セセリアドーテ
haruna_(track)_(blue_archive),4,733,ハルナ（体操服）（ブルーアーカイブ）
kei_(blue_archive),4,1078,ケイ（ブルーアーカイブ）
fujishima_megumi,4,6117,藤嶋めぐみ
hinoshita_kaho,4,6422,陽下夏帆
murano_sayaka,4,5103,村野沙耶香
osawa_rurino,4,4791,大沢るりの
otomune_kozue,4,5809,音宗こずえ
yugiri_tsuzuri,4,4723,夕霧綴
penance_(arknights),4,1051,苦行（アークナイツ）
mizi_(alien_stage),4,2802,ミジ（エイリアンステージ）
sua_(alien_stage),4,2943,スア（エイリアンステージ）
fami_(chainsaw_man),4,1098,家族（チェーンソーマン）
mejiro_ramonu_(umamusume),4,1086,メジロラモーヌ（ウマ娘）
ijichi_seika,4,1004,伊地知製菓
commander_(nikke),4,1493,指揮官（ニッケ）
pa-san,4,946,ぱーさん
poppy_(pokemon),4,726,ポピー（ポケモン）
scaramouche_(cat)_(genshin_impact),4,1287,スカラムーシュ（猫) (原神）
chief_(path_to_nowhere),4,1023,チーフ（どこへも続く道）
female_chief_(path_to_nowhere),4,982,女性主任（どこへも続く道）
liko_(pokemon),4,1963,リコ（ポケモン）
male_rover_(wuthering_waves),4,2232,男性の探査車（鳴潮）
tenochtitlan_(fate),4,1341,テノチティトラン（Fate）
tezcatlipoca_(fate),4,1008,テスカトリポカ（Fate）
kiana_kaslana_(herrscher_of_finality),4,1174,キアナ・カスラナ（ファイナリティのヘルッシャー）
yunaka_(fire_emblem),4,825,ゆなか（ファイアーエムブレム）
gavis_bettel,4,818,ギャビス・ベッテル
hijiri_ageha,4,849,聖アゲハ
chongyue_(arknights),4,1649,チョンユエ（アークナイツ）
viper_(nikke),4,943,毒蛇（ニッケ）
shinomiya_fuyumi,4,681,四ノ宮冬美
tingyun_(honkai:_star_rail),4,1187,ティンユン（崩壊：スターレイル）
midori_(maid)_(blue_archive),4,983,ミドリ（メイド）（ブルーアーカイブ）
momoi_(maid)_(blue_archive),4,942,モモイ（メイド）（ブルーアーカイブ）
jungle_pocket_(umamusume),4,1855,ジャングルポケット（ウマ娘）
fu_xuan_(honkai:_star_rail),4,1221,フーシュアン（崩壊：スターレイル）
neo_universe_(umamusume),4,1021,ネオ・ユニバース（ウマ娘）
lacey_(pokemon),4,1087,レーシーな（ポケモン）
kasane_teto_(sv),4,3820,累テト（SV）
nanashi_mumei_(casual),4,733,ナナシ・ムメイ（カジュアル）
shiina_taki,4,5478,椎名立希
akira_(blue_archive),4,1132,アキラ（ブルーアーカイブ）
iseri_nina,4,5758,イセリ・ニーナ
yinlin_(wuthering_waves),4,1025,インリン（鳴潮）
charlotte_(genshin_impact),4,767,シャーロット（原神）
awa_subaru,4,2402,阿波スバル
ebizuka_tomo,4,1234,海老塚とも
kawaragi_momoka,4,4962,河原木桃香
rupa_(girls_band_cry),4,1224,ルパ（ガールズバンドクライ）
miyako_(swimsuit)_(blue_archive),4,1732,ミヤコ（水着）（ブルーアーカイブ）
yamato_takeru_(fate),4,1148,ヤマトタケル（Fate）
nagasaki_soyo,4,6687,長崎そよ
freminet_(genshin_impact),4,979,フレミネット（原神）
sigewinne_(genshin_impact),4,1313,シゲウィンネ（原神）
chihaya_anon,4,7513,千早あのん
kaname_raana,4,2236,カナメ・ラーナ
takamatsu_tomori,4,3463,高松友利
hindenburg_(azur_lane),4,728,ヒンデンブルク（アズールレーン）
nerissa_ravencroft_(1st_costume),4,1687,ネリッサ・レイヴンクロフト（1stコスチューム）
anis_(sparkling_summer)_(nikke),4,860,アニス（きらめく夏）（ニッケ）
koseki_bijou_(1st_costume),4,1075,古関美女（1stコスチューム）
artoria_caster_(swimsuit_berserker)_(fate),4,0,アルトリアキャスター（水着バーサーカー)(Fate)）
togawa_sakiko,4,7189,戸川咲子
wakaba_mutsumi,4,5199,若葉むつみ
shalom_(path_to_nowhere),4,774,シャローム（どこへも続く道）
baobhan_sith_(swimsuit_pretender)_(fate),4,0,バオハン・シス（水着ごっこ) (運命）
yahata_umiri,4,4739,八幡うみり
jinhsi_(wuthering_waves),4,1425,ジンシ（鳴潮）
yomotsu_hisami,4,877,黄泉寿美
sam_(honkai:_star_rail),4,796,サム（崩壊：スターレイル）
tenkajin_chiyari,4,782,天下人ちやり
topaz_(honkai:_star_rail),4,1689,トパーズ（崩壊：スターレイル）
miyamoto_iori_(fate),4,959,宮本伊織（Fate）
misumi_uika,4,4572,ミスミウイカ
red_hood_(nikke),4,1028,赤い頭巾（ニッケ）
juufuutei_raden,4,1119,重風亭螺鈿
ichijou_ririka,4,1224,一条りりか
owari_(azur_lane),4,812,尾張（アズールレーン）
black_swan_(honkai:_star_rail),4,2701,ブラックスワン（崩壊：スターレイル）
ruan_mei_(honkai:_star_rail),4,1879,ルアン・メイ（崩壊：スターレイル）
huohuo_(honkai:_star_rail),4,779,フフフ（崩壊：スターレイル）
verxina_(umamusume),4,1515,ベルキナ（ウマ娘）
vivlos_(umamusume),4,1549,ヴィブロス（ウマ娘）
pomni_(the_amazing_digital_circus),4,1219,ポムニ（素晴らしいデジタルサーカス）
focalors_(genshin_impact),4,825,フォーカラー（原神）
37_(reverse:1999),4,1172,37（裏面: 1999）
ao_isami,4,1889,アオイサミ
lewis_smith,4,1582,ルイス・スミス
aventurine_(honkai:_star_rail),4,3761,アベンチュリン（崩壊：スターレイル）
dr._ratio_(honkai:_star_rail),4,2034,博士。比率（崩壊：スターレイル）
cinderella_(nikke),4,1388,シンデレラ（ニッケ）
grace_howard,4,1282,グレース・ハワード
alexandrina_sebastiane,4,981,アレクサンドリーナ・セバスチャン
ellen_joe,4,6715,エレン・ジョー
acheron_(honkai:_star_rail),4,5761,黄泉（崩壊：スターレイル）
chiori_(genshin_impact),4,1262,ちおり（原神）
sparkle_(honkai:_star_rail),4,4901,花火（崩壊：スターレイル）
sunday_(honkai:_star_rail),4,2126,日曜日（崩壊：スターレイル）
robin_(honkai:_star_rail),4,4007,ロビン（崩壊：スターレイル）
nekoyashiki_yuki,4,952,猫屋敷ゆき
kayoko_(dress)_(blue_archive),4,1911,カヨコ（ドレス）（ブルーアーカイブ）
kazusa_(band)_(blue_archive),4,1316,カズサ（バンド）（ブルーアーカイブ）
mari_(idol)_(blue_archive),4,1003,マリー（アイドル）（ブルーアーカイブ）
shu_(arknights),4,3717,シュウ（アークナイツ）
aru_(dress)_(blue_archive),4,943,アル（ドレス）（ブルーアーカイブ）
elegg_(nikke),4,1846,エレッグ（ニッケ）
saori_(dress)_(blue_archive),4,965,サオリ（ドレス）（ブルーアーカイブ）
orfevre_(umamusume),4,1161,オルフェーヴル（ウマ娘）
gentildonna_(umamusume),4,2206,ジェンティルドンナ（ウマ娘）
still_in_love_(umamusume),4,1550,まだ恋をしている（ウマ娘）
dantsu_flame_(umamusume),4,1686,ダンツフレイム（ウマ娘）
nanashi_mumei_(emo),4,879,ナナシ・ムメイ（エモ）
fujita_kotone,4,2842,藤田琴音
hanami_saki,4,1713,花見咲
tsukimura_temari,4,1620,月村テマリ
hanami_ume,4,1945,花見梅
shinosawa_hiro,4,3654,篠沢ヒロ
katsuragi_lilja,4,1276,葛城リリヤ
himesaki_rinami,4,1354,姫咲りなみ
boothill_(honkai:_star_rail),4,1016,ブートヒル（崩壊：スターレイル）
sensei_(blue_archive_the_animation),4,949,先生（ブルーアーカイブ The Animation）
hikari_(blue_archive),4,4231,ヒカリ（ブルーアーカイブ）
nozomi_(blue_archive),4,4190,ノゾミ（ブルーアーカイブ）
zhu_yuan,4,2813,朱元
anyoji_hime,4,4022,安養寺姫
kachimachi_kosuzu,4,3753,かちまち小鈴
momose_ginko,4,4782,百瀬吟子
changli_(wuthering_waves),4,3016,チャンリ（鳴潮）
camellya_(wuthering_waves),4,1831,椿（鳴潮）
yunli_(honkai:_star_rail),4,940,ユンリ（崩壊：スターレイル）
mo_chengwei,4,692,モ・チェンウェイ
li_yuting_(male),4,945,リー・ユーティン（男）
li_yuting_(female),4,877,リー・ユーティン（女性）
ziche_fuzhao,4,1255,ジチェ・フージャオ
cecilia_immergreen,4,1723,セシリア・イマーグリーン
elizabeth_rose_bloodflame,4,1585,エリザベス・ローズ・ブラッドフレイム
gigi_murin,4,1910,ジジ・ムリン
raora_panthera,4,2932,ラオラ・パンテーラ
fubuki_(swimsuit)_(blue_archive),4,817,フブキ（水着）（ブルーアーカイブ）
kanna_(swimsuit)_(blue_archive),4,1931,カンナ（水着）（ブルーアーカイブ）
luciana_de_montefio,4,1666,ルシアナ・デ・モンテフィオ
qingyi_(zenless_zone_zero),4,1478,清儀（ゼンレスゾーンゼロ）
kinich_(genshin_impact),4,1273,キニッチ（原神）
mualani_(genshin_impact),4,1459,ムアラニ（原神）
tsukishiro_yanagi,4,3078,月城柳
seth_lowell,4,996,セス・ローウェル
jane_doe_(zenless_zone_zero),4,4120,ジェーン・ドウ（ゼンレスゾーンゼロ）
citlali_(genshin_impact),4,2821,シトラリ語（原神）
mavuika_(genshin_impact),4,2024,マブイカ（原神）
feixiao_(honkai:_star_rail),4,1391,フェイシャオ（崩壊：スターレイル）
professor_niyaniya_(blue_archive),4,2207,ニヤニヤ教授（ブルーアーカイブ）
shorekeeper_(wuthering_waves),4,1810,海岸キーパー（鳴潮）
caesar_king_(zenless_zone_zero),4,1325,シーザーキング（ゼンレスゾーンゼロ）
burnice_white,4,2421,バーニス・ホワイト
brazilian_miku,4,1791,ブラジルミク
heroine_(homicipher),4,0,ヒロイン（ホミシファー）
